BdprotoID,LanguageName,SourceLanguageName,LanguageFamily,LanguageFamilyRoot,Glottocode,Type,Macroarea,Dates,DatesSource,InventoryType,TimeDepth,TimeDepthYBP,Homeland,HomelandSource,FileName,BibtexKey,Source,Comments
2000,Akkadian,Akkadian,Semitic,Afro-Asiatic,akka1240,Attested,Eurasia,2350-0 BCE,Hasselbach-Andee2019,all,2800-700 BC,2700,Mesopotamia,NA,NA,"buccellatti1997phon,huehnergard1997phon",ANE,
2002,Ancient North Arabian,Ancient North Arabian,Semitic,Afro-Asiatic,anci1245,Attested,Eurasia,Problematic,AlJallad2018,all,1200 bc-700 AD,2700,Southern Syria to Yemen,NA,NA,"goldammer2012phon_arabic,MacDonald2008phon",ANE,Not a language
2015,Ancient South Arabian,Old South Arabic,Semitic,Afro-Asiatic,sayh1236,Attested,Eurasia,3000-1500,Multhoff2019,all,,NA,,NA,NA,nebesstein2008phon,ANE,Not a language
2003,Aramaic,Aramaic,Semitic,Afro-Asiatic,aram1259,Attested,Eurasia,3100-1800,,all,,NA,,NA,NA,goldammer2012phon_arc,ANE,"Aramaic is akin to ""Romance"" in its diversity"
1104,Attic Greek,ATTIC,Graeco-Phrygian,Indo-European,atti1240,Attested,Eurasia,,,all,400 BC,2400,,,LG1104.txt,teodorsson1974,BDPROTO,PDF not in quibs folder
2005,Avestan,Avestan,Iranian,Indo-European,aves1237,Attested,Eurasia,4000-3000,,all,"uncertain, written from the 3rd century, but the language was extinct by then. Maybe with the start of the Zoroastrism around 600bc or same time as early Vedic around 1500 BCE",NA,Unknown,NA,NA,skaervo2006phon,ANE,The data refers to Old Avestan
2006,Classical Armenian,Classical Armenian,Armenian,Indo-European,clas1249,Attested,Eurasia,1500-100,,all,400 AD,1600,Armenian Highlands,NA,NA,clackson2008phon,ANE,"First documented around beginning of 5th century CE, used as literary language till the 19th century"
73,Common Slavic,Common Slavic,Balto-Slavic,Indo-European,slav1255,Reconstructed,Eurasia,1700-1000,,all,,NA,,,NA,Hock2003a,HUJI,
1106,Coptic,COPTIC,Egyptian,Afro-Asiatic,copt1239,Attested,Africa,1800-400,,all,3-17th century,1800,,,LG1106.txt,atiya1991,BDPROTO,"Continued to be spoken prob until the 17th century CE, one dialect still in use as liturgical language"
1065,Early Proto-Finnic,EARLY PROTO FINNIC,Finnic,Uralic,finn1317,Reconstructed,Eurasia,,,all,1500-1000 BC,3500,,,LG1065.txt,korhonen1988,BDPROTO,"Classification is considered problematic, needs further check"
2004,Elamite,Elamite,Isolate,Isolate,elam1244,Attested,Eurasia,4600-2300,,all,2800-500 BC,2500,Elam (ancient lands in the west and southwest of today’s Iran),NA,NA,"goldammer2012phon_elx,Khaikjan1998phon",ANE,
2008,Hattic,Hattic,Isolate,Isolate,hatt1246,Attested,Eurasia,4000-3000,,all,3000-2000 BC,4000,Central Anatolia and northwards to the Black sea,NA,NA,"kammenhuber1969phon,klinger2005phon",ANE,"No connected texts, phonology dubious"
2001,Hittite,Hittite,Anatolian,Indo-European,hitt1242,Attested,Eurasia,3600-3300,,all,1600-1300 BC,3300,Anatolia,NA,NA,hoffner-melchert2008phon,ANE,
2009,Hurrian,Hurrian,Hurro-Urartian,Hurro-Urartian,hurr1240,Attested,Eurasia,4300-3000,,all,2300-1000 BC,3000,Northern Mesopotamia,NA,NA,"wegner2000phon,wilhelm2008phon_xhu",ANE,
2010,Kassite,Kassite,Unclassifiable,Unclassificable,kass1244,Attested,Eurasia,3800-2400,,all,1800-400 BC,2400,Southern Mesopotamia,NA,NA,goldammer2012phon_kass1244,ANE,
2019,Luwian,Luwian,Anatolian,Indo-European,cune1239,Attested,Eurasia,4-3.5K,,all,1400-1200,3200,Asia Minor,NA,NA,melchert2008phon_xlu,ANE,
2007,Middle Egyptian,Middle Egyptian,Egyptian,Afro-Asiatic,egyp1246,Attested,Africa,4-3.5K,,all,2000-1350 BC,3350,Ancient Egypt,NA,NA,allen2000phon,ANE,
1049,Middle English,MIDDLE ENGLISH,Germanic,Indo-European,midd1317,Attested,Eurasia,1K-0.5K,,vowels only,-900 (baugh1993history),900,,,LG1049.txt,antonsen1961,BDPROTO,
1055,Nostratic,NOSTRATIC,Nostratic,Nostratic,NA,Reconstructed,NA,,,all,"spoken between 15,000 and 12,000 BCE (bomhard2008reconstructing)",14000,,,LG1055.txt,bomhard1990,BDPROTO,
1006,Old Chinese,OLD CHINESE,Sinitic,Sino-Tibetan,oldc1244,Attested,Eurasia,,,all,800-500 BC,2500,,,LG1006.txt,hogan1993,BDPROTO,
153,Old Egyptian,Old Egyptian,Egyptian,Afro-Asiatic,egyp1246,Attested,Eurasia,5-4.5K,,consonants only,4200,NA,,,NA,kammerzell1998,HUJI,
2012,Old Persian,Old Persian,Iranian,Indo-European,oldp1255,Attested,Eurasia,3-2.5K,,all,600-300 BC,2300,"Inscriptions found in modern Iran, Armenia, Bahrain, Romania (Gherla), Egypt, Turky, Iraq",NA,NA,skjaervo2009phon,ANE,
1011,Old Telugu,OLD TELUGU,Teluguic,Dravidian,oldt1249,Attested,Eurasia,3.5-3K,,all,split from proto-Dravidian between 1500-1000 BC (harvardprotodravidian),3000,,,LG1011.txt,krishnamurti1961,BDPROTO,
2011,Palaic,Palaic,Anatolian,Indo-European,pala1331,Attested,Eurasia,4-3.5K,,all,1600-1300 BC,3300,Central northern Anatolia,NA,NA,"melchert2008phon,carruba1970phon",ANE,
2020,Phoenician,Phoenician,Semitic,Afro-Asiatic,phoe1239,Attested,Eurasia,3-2.5K,,all,1200-600 BC,2600,,NA,NA,hackett2008phon,ANE,
2013,Paleo-Phrygian,Phrygian,Graeco-Phrygian,Indo-European,phry1239,Attested,Eurasia,3-2.5K,,all,800 BC-300 AD; texts found from 800-500 (Paleo-Phrygian) BC and 100 AD - 300 (Neo-Phrygian),1700,Central Asia Minor,NA,NA,brixhe2008phon,ANE,
2014,Neo-Phrygian,Phrygian,Graeco-Phrygian,Indo-European,phry1239,Attested,Eurasia,3-2.5K,,all,,NA,,NA,NA,brixhe2008phon,ANE,
1000,Pre-Basque,PRE BASQUE,Isolate ,Isolate,basq1248,Reconstructed,Eurasia,,,all,-2000,2000,,,LG1000.txt,trask2013,BDPROTO,
1102,Pre-Nizaa,PRE NIZAA,Volta-Congo,Atlantic-Congo,suga1248,Reconstructed,Africa,,,all,,NA,,,LG1102.txt,theil1991,BDPROTO,
1061,Proto-Afro-Asiatic,AFRO-ASIATIC,Afro-Asiatic,Afro-Asiatic,afro1255,Reconstructed,Africa,,,all,9th-8th millenia B.C. (diakonoff1988afrasian),10000,,,LG1061.txt,ehret1995reconstructing,BDPROTO,
1035,Proto-Ainu,PROTO-AINU,Ainu,Ainu,ainu1240,Reconstructed,Eurasia,,,all,,NA,,,LG1035.txt,vovin1993,BDPROTO,
41,Proto-Albanian,Proto-Albanian,Albanian,Indo-European,alba1267,Reconstructed,Eurasia,,,consonants only,,NA,,,NA,Kümmel2007,HUJI,
1097,Proto-Algonquian,ALGONQUIAN,Algic,Algonquian,algo1256,Reconstructed,North America,,,all,Around 2500 to 3000 years ago (trigger1978handbook),3000,,,LG1097.txt,ehret1995reconstructing,BDPROTO,
21,Proto-Algonquian,Proto-Algonquian,Algic,Algonquian,algo1256,Reconstructed,North America,,,all,,NA,,,NA,Goddard1979,HUJI,
16,Proto-Alor-Pantar,Proto-Alor-Pantar,Alor-Pantar,Timor-Alor-Pantar,alor1249,Reconstructed,Papunesia,,,consonants only,3000,3000,Pantar Strait,,NA,klamer2014,HUJI,
1053,Proto-Altaic,ALTAIC,Altaic,Altaic,NA,Reconstructed,Eurasia,,,all,6th millenium BC (kuzmina2007origin),7000,,,LG1053.txt,bomhard1990,BDPROTO,
1018,Proto-Anatolian,ANATOLIAN,Anatolian,Indo-European,anat1257,Reconstructed,Eurasia,3.5-3K,,all,roughly 4000 BC,6000,,,LG1018.txt,melchert1994,BDPROTO,
37,Proto-Anatolian,Proto-Anatolian,Anatolian,Indo-European,anat1257,Reconstructed,Eurasia,3.5-3K,,all,,NA,,,NA,Kümmel2007. Melchert1994a,HUJI,
1116,Proto-Arawakan,ARAWAKAN,Arawakan,Arawakan,araw1281,Reconstructed,South America,,,all,,NA,,,LG1116.txt,matteson1972,BDPROTO,
29,Proto-Aslian,Proto-Aslian,Aslian,Austroasiatic,asli1243,Reconstructed,Eurasia,,,all,,NA,,,NA,Austroasiatic_SidwellRau2015,HUJI,
103,Proto-Athabaskan,Proto-Athabaskan,Athabaskan,Athabaskan-Eyak-Tlingit,atha1247,Reconstructed,North America,,,consonants only,,3500,,,NA,"Campbell 1997: 112, KraussGolla1981, Kraus1979, CookRice1989",HUJI,
1110,Proto-Athabaskan,ATHAPASKAN,Athabaskan,Athabaskan-Eyak-Tlingit,atha1247,Reconstructed,North America,,,all,,NA,,,LG1110.txt,krauss1964,BDPROTO,
1059,Proto-Australian,AUSTRALIAN,Australian,Australian,NA,Reconstructed,Australia,,,all,-40000 or less,40000,,,LG1059.txt,dixon1997,BDPROTO,
12,Proto-Austroasiatic,Proto-Austroasiatic,Austroasiatic,Austroasiatic,aust1305,Reconstructed,Eurasia,,,all,2000 BCE (sidwell-family),4000,,,NA,shorto2006mon,UZ,
28,Proto-Austroasiatic,Proto-Austroasiatic,Austroasiatic,Austroasiatic,aust1305,Reconstructed,Eurasia,,,all,,NA,,,NA,Austroasiatic_SidwellRau2015,HUJI,
1041,Proto-Austronesian,AUSTRONESIAN,Austronesian,Austronesian,aust1307,Reconstructed,Eurasia,,,all,at least 5000 years,5000,,,LG1041.txt,ross1995,BDPROTO,
26,Proto-Aymaran,Proto-Aymaran,Aymaran,Aymaran,ayma1253,Reconstructed,South America,,,consonants only,,NA,,,NA,Cerron2000,HUJI,
36,Proto-Baltic,Proto-Baltic,Balto-Slavic,Indo-European,balt1263,Reconstructed,Eurasia,,,all,,NA,,,NA,,HUJI,
87,Proto-Baltic-Finnic,Proto-Baltic-Finnic,Finnic,Uralic,NA,Reconstructed,Eurasia,,,all,,NA,,,NA,,HUJI,
3,Proto-Balto-Slavic,Proto-Balto-Slavic,Balto-Slavic,Indo-European,balt1263,Reconstructed,Eurasia,,,all,between 1500 and 1000 B.C. (novotna2011glottochronology),3000,,,NA,kortlandt1979,UZ,
32,Proto-Balto-Slavic,Proto-Balto-Slavic,Balto-Slavic,Indo-European,balt1263,Reconstructed,Eurasia,,,all,,NA,,,NA,,HUJI,
1094,Proto-Bantu,BANTU,Bantoid,Atlantic-Congo,narr1281,Reconstructed,Africa,,,all,split off from Niger-Congo languages 3000-4000 years ago (newman1997peopling),4000,,,LG1094.txt,meeussen1965,BDPROTO,
27,Proto-Barbacoan,Proto-Barbacoan,Barbacoan,Barbacoan,barb1265,Reconstructed,South America,,,all,,NA,,,NA,,HUJI,
1081,Proto-Berber,COMMON BERBER,Berber,Afro-Asiatic,berb1260,Reconstructed,Africa,,,consonants only,louali2003protoberberes,7000,,,LG1081.txt,basset1952,BDPROTO,
71,Proto-Berber,Proto-Berber,Berber,Afro-Asiatic,berb1260,Reconstructed,Africa,,,consonants only,,NA,,,NA,KoosmannPC2018,HUJI,
1017,Proto-Blang,PLANG,Paulaungic,Austroasiatic,blan1242,Reconstructed,Eurasia,,,all,sidwell2014austroasiatic,600,,,LG1017.txt,paulsen1989,BDPROTO,
164,Proto-Boran,Proto Bora-Muinane,Boran,Boran,bora1263,Reconstructed,South America,,,all,,NA,"NW Amazon (Columbia, Peru (since 1930s)",NW Amazon (in the region of Caquetá and Putumayo Rivers in Colombia),NA,SeifartEcheverri 2015,HUJI,
156,Proto-Bungku-Tolaki,Proto-Bungku-Tolaki,Malayo-Polynesian,Austronesian,bung1268,Reconstructed,Papunesia,,,all,,NA,,,NA,Mead1998,HUJI,
22,Proto-Caddoan,Proto-Caddoan,Caddoan,Caddoan,cadd1255,Reconstructed,North America,,,all,,NA,,,NA,Chafe1979,HUJI,
5,Proto-Celtic,Proto-Celtic,Celtic,Indo-European,celt1248,Reconstructed,Eurasia,,,all,gosden2014celtic,3000,,,NA,schrijver1995studies,UZ,
31,Proto-Celtic,Proto-Celtic,Celtic,Indo-European,celt1248,Reconstructed,Eurasia,,,all,,NA,Central Europe,,NA,,HUJI,
48,Proto-Central Chadic,Proto-Central Chadic,Chadic,Afro-Asiatic,bium1280,Reconstructed,Africa,,,all,,NA,,,NA,Gravina2016,HUJI,"Central Chadic is called Biu-Mandera by Glottolog, but CC seems to be an ok name."
1038,Proto-Central Gur,CENTRAL GUR,Gur,Atlantic-Congo,cent2243,Reconstructed,Africa,,,all,,NA,,,LG1038.txt,naden1989,BDPROTO,
1083,Proto-Chadic,CHADIC,Chadic,Afro-Asiatic,chad1250,Reconstructed,Africa,,,all,More than 7000 years (cruciani2010human),7000,,,LG1083.txt,newman1977,BDPROTO,
75,Proto-Cherokee,Common Cherokee,Iroquoian,Iroquoian,cher1273,Reconstructed,North America,5-4.5K,,all,,NA,,,NA,Julian2010,HUJI,GC based on Glottocode
1072,Proto-Chiapanec,CHIAPANEC MANGUEAN,Tlapanec-Manguean,Otomanguean,mang1426,Reconstructed,North America,,,all,,NA,,,LG1072.txt,longacre1967,BDPROTO,
1111,Proto-Chibchan,CHIBCHA,Chibchan,Chibchan,chib1249,Reconstructed,South America,,,all,,NA,,,LG1111.txt,constenla1993,BDPROTO,
1099,Proto-Chimakuan,CHIMAKUAN,Chimakuan,Chimakuan,chim1311,Reconstructed,North America,,,all,Swadesh calculated a time depth  for the Wakashan-Chimakuan relationship of about 6500 years,6500,,,LG1099.txt,Jacobson1979,BDPROTO,
104,Proto-Chimakuan,Proto-Chimakuan,Chimakuan,Chimakuan,chim1311,Reconstructed,North America,,,all,,NA,,,NA,"Campbell 1997: 116, Powell1993",HUJI,
1077,Proto-Chinantecan,CHINANTECAN,Chinantecan,Otomanguean,chin1484,Reconstructed,North America,,,all,,NA,,,LG1077.txt,longacre1967,BDPROTO,
1113,Proto-Chukotko-Kamchatkan,CHUKOTKO-KAMCHATKAN,Chukchi-Kamchatkan,Chukchi-Kamchatkan,chuk1271,Reconstructed,Eurasia,,,all,wdzenczny2011case,4000,,,LG1113.txt,fortescue1998,BDPROTO,
112,Proto-Costanoan,Proto-Costanoan,Costanoan,Miwok-Costanoan,cost1250,Reconstructed,North America,,,all,,NA,,,NA,Campbell 1997: 129. Cahallagan1967,HUJI,
1062,Proto-Cushitic,CUSHITIC,Cushitic,Afro-Asiatic,cush1243,Reconstructed,Africa,,,all,<8500 bp (fahmy2011windows),8500,,,LG1062.txt,ehret1995reconstructing,BDPROTO,
14,Proto-Dené–Caucasian,Proto-Dené–Caucasian,Dené–Caucasian,Dené–Caucasian,NA,Reconstructed,NA,,,all,,NA,,,NA,bengtson2008materials,UZ,
1012,Proto-Dravidian,DRAVIDIAN,Dravidian,Dravidian,drav1251,Reconstructed,Eurasia,,,all,as late as 4000 bce (steever1998dravidian),6000,,,LG1012.txt,krishnamurti1961,BDPROTO,
1031,Proto-East Tariku,EAST TARIKU,Tariku,Lakes Plain,east2502,Reconstructed,Papunesia,,,all,,NA,,,LG1031.txt,clouse1996,BDPROTO,
23,Proto-East Timor,Proto-East Timor,East Timor-Bunaq,Timor-Alor-Pantar,east2520,Reconstructed,Papunesia,,,all,,NA,,,NA,Mandalaetal2011,HUJI,
50,Proto-Eastern Nilotic,Proto-Eastern Nilotic,Nilotic,Nilotic,east2418,Reconstructed,Africa,,,consonants only,,NA,,,NA,"Dimmendaal1988, Vossen 1982",HUJI,
161,Proto-Eastern-Oceanic,Proto-Eastern-Oceanic,Malayo-Polynesian,Austronesian,NA,Reconstructed,Papunesia,,,all,,NA,,,NA,Geraghty1983,HUJI,
1060,Proto-Edoid,EDOID,Volta-Congo,Atlantic-Congo,edoi1239,Reconstructed,Africa,,,all,,NA,,,LG1060.txt,elugbe1989,BDPROTO,
154,Proto-Egyptian,Proto-Egyptian,Egyptian,Afro-Asiatic,egyp1245,Reconstructed,Africa,,,consonants only,5000,NA,,,NA,,HUJI,
46,Proto-Ersuic,Proto-Ersuic,Burmo-Quiangic,Sino-Tibetan,ersu1242,Reconstructed,Eurasia,,,all,,NA,,,NA,Yu2012,HUJI,
1007,Proto-Eskimo,ESKIMO,Eskimo ,Eskimo-Aleut,eski1265,Reconstructed,North America,,,all,-2000,2000,,,LG1007.txt,michael1994,BDPROTO,
53,Proto-Eskimo,Proto-Eskimo,Eskimo,Eskimo-Aleut,eski1265,Reconstructed,North America,,,all,,4000,Alaska,,NA,Berge2018,HUJI,
1112,Proto-Eskimo-Aleut,ESKIMO-ALEUT,Eskimo-Aleut,Eskimo-Aleut,eski1264,Reconstructed,North America,,,all,jacobson1984central,4000,,,LG1112.txt,fortescue1998,BDPROTO,
102,Proto-Eskimo-Aleut,Proto-Eskimo-Aleut,Eskimo-Aleut,Eskimo-Aleut,eski1264,Reconstructed,North America,,,all,,NA,,,NA,"Campbell 1997: 108, Bergsland1986",HUJI,
1090,Proto-Finno-Permic,FINNO-PERMIC,Uralic,Uralic,NA,Reconstructed,Eurasia,,,all,-3500/-3000; division into proto-finno-premic and proto-ugric: first half of neolithic (p.499) (sinor1988handbuch),5500,,,LG1090.txt,sammallahti1988,BDPROTO,
84,Proto-Finno-Permic,Proto-Finno-Permic,Uralic,Uralic,NA,Reconstructed,Eurasia,,,all,,NA,,,NA,,HUJI,
82,Proto-Finno-Saamic,Proto-Finno-Saamic,Uralic,Uralic,NA,Reconstructed,Eurasia,,,all,,NA,,,NA,,HUJI,
1068,Proto-Finno-Ugric,FINNO-UGRIC,Uralic,Uralic,NA,Reconstructed,Eurasia,,,all,sammallahti1988,5500,,,LG1068.txt,lako1968,BDPROTO,
1093,Proto-Gbaya,GBAYA,Gbaya-Manza-Ngbaka,Atlantic-Congo,gbay1279,Reconstructed,Africa,,,all,,NA,,,LG1093.txt,NA,BDPROTO,
1046,Proto-Germanic,GERMANIC,Germanic,Indo-European,germ1287,Reconstructed,Eurasia,,,vowels only,1st century (ringe2006proto),2500,,,LG1046.txt,antonsen1963,BDPROTO,
43,Proto-Germanic,Proto-Germanic,Germanic,Indo-European,germ1287,Reconstructed,Eurasia,,,all,,NA,,,NA,,HUJI,
1095,Proto-Gorokan,GOROKAN,Kainantu-Goroka,Nuclear Trans New Guinea,goro1272,Reconstructed,Papunesia,,,all,,NA,,,LG1095.txt,foley1986,BDPROTO,
1022,Proto-Greater Central Philippine,PHILIPPINE,Malayo-Polynesian,Austronesian,grea1284,Reconstructed,Eurasia,,,all,,NA,"presence of Austronesian speakers in northeastern Indonesia for upwards of 4,000 years",,LG1022.txt,blust1991,BDPROTO,
42,Proto-Greek,Proto-Greek,Graeco-Phrygian,Indo-European,gree1276,Reconstructed,Eurasia,,,all,,NA,,,NA,Kümmel2007. Bartoněk 1961,HUJI,
1118,Proto-Guahiboan,GUAHIBAN,Guahiboan,Guahiboan,guah1252,Reconstructed,South America,,,all,,NA,,,LG1118.txt,matteson1972,BDPROTO,
1103,Proto-Guang,GUANG,Kwa Volta-Congo,Atlantic-Congo,guan1278,Reconstructed,Africa,,,all,,NA,,,LG1103.txt,snider1989,BDPROTO,
166,Proto-Gunwinyguan,Proto-Gunwinyguan,Gunwinyguan,Gunwinyguan,gunw1250,Reconstructed,Australia,,,all,,NA,,,NA,,HUJI,
10,Proto-Hlai,Proto-Hlai,Hlaic,Tai-Kadai,hlai1239,Reconstructed,Eurasia,,,all,,NA,,,NA,norquest2007phonological,UZ,
70,Proto-Hlai,Proto-Hlai,Hlaic,Tai-Kadai,hlai1239,Reconstructed,Eurasia,,,all,,NA,,,NA,Ostapirat2004,HUJI,
121,Proto-Huavean,Proto-Huave,Huavean,Huavean,huav1256,Reconstructed,North America,,,all,,NA,,,NA,,HUJI,
1026,Proto-Huon Gulf,HUON GULF,Malayo-Polynesian,Austronesian,huon1245,Reconstructed,Papunesia,,,consonants only,,3500,,,LG1026.txt,holzknecht1989,BDPROTO,
1015,Proto-Ijo,IJO,Ijo,Ijoid,ijoi1239,Reconstructed,Africa,,,all,,NA,,,LG1015.txt,williamson1979,BDPROTO,
1051,Proto-Indo-European,INDO-EUROPEAN,Indo-European,Indo-European,indo1319,Reconstructed,Eurasia,,,all,-7000,7000,,,LG1051.txt,bomhard1990,BDPROTO,
15,Proto-Indo-European,Indo-European,Indo-European,Indo-European,indo1319,Reconstructed,Eurasia,,,all,,NA,,,NA,Fortson2011-indo-european,UZ,
33,Proto-Indo-Iranian,Proto-Indo-Iranian,Indo-Iranian,Indo-European,indo1320,Reconstructed,Eurasia,,,all,,NA,,,NA,Kümmel2007. Mayrhofer1989. Kobayashi2004. Lipp2009,HUJI,
40,Proto-Iranian,Proto-Iranian,Iranian,Indo-European,iran1269,Reconstructed,Eurasia,,,all,,NA,,,NA,Kümmel2007. Mayrhofer1989. Lipp2009,HUJI,
165,Proto-Irish,Proto-Irish,Celtic,Indo-European,NA,Reconstructed,Eurasia,,,consonants only,,NA,,,NA,,HUJI,
13,Proto-Iroquoian,Proto-Iroquoian,Iroquoian,Iroquoian,iroq1247,Reconstructed,North America,,,all,"3,500 to 3,800 for the split of South and North Iroquoian (lounsbury1961iroquois)",5500,,,NA,julian2010history,UZ,
74,Proto-Iroquoian,Proto-Iroquoian,Iroquoian,Iroquoian,iroq1247,Reconstructed,North America,,,all,,NA,,,NA,Julian2010,HUJI,
35,Proto-Italic,Proto-Italic,Italic,Indo-European,ital1284,Reconstructed,Eurasia,,,all,,NA,,,NA,Kümmel2007,HUJI,
158,Proto-Iwaidjan,Proto-Iwaidjan,Iwaidjan,Iwaidjan,iwai1246,Reconstructed,Australia,,,all,,NA,,,NA,MailhammerHarvey2018,HUJI,
57,Proto-Jabuti,Proto-Jabuti,Jabuti,Nuclear Macro-Je,jabu1249,Reconstructed,South America,,,all,,NA,,,NA,RibeiroVandervoort2010,HUJI,
1101,Proto-Japonic,PROTO-JAPANESE,Japonic,Japonic,nucl1643,Reconstructed,Eurasia,,,vowels only,400 B.C. (hudson1994japan),2400,Northern Kyushu,hudson1994japan,LG1101.txt,martin1987,BDPROTO,
58,Proto-Je,Proto-Je,Je,Nuclear Macro-Je,nucl1710,Reconstructed,South America,,,all,,NA,,,NA,RibeiroVandervoort2010,HUJI,
9,Proto-Kadaic,Proto-Kra,Kadaic,Tai-Kadai,kada1291,Reconstructed,Eurasia,,,all,,NA,,,NA,ostapirat2000proto-kra,UZ,
68,Proto-Kadaic,Proto-Kra,Kadaic,Tai-Kadai,kada1291,Reconstructed,Eurasia,,,all,,NA,,,NA,Ostapirat2000,HUJI,
157,Proto-Kanyara,Proto-Kanyara,South-West Pama-Nyungan,Pama-Nyungan,kany1246,Reconstructed,Australia,,,all,,NA,,,NA,Austin1981,HUJI,
1013,Proto-Karen,PROTO-KAREN,Karenic,Sino-Tibetan,kare1337,Reconstructed,Eurasia,,,all,,NA,,,LG1013.txt,jones1961,BDPROTO,
1052,Proto-Kartvelian,KARTVELIAN,Kartvelian,Kartvelian,kart1248,Reconstructed,Eurasia,,,all,-5000 (gamkrelidze1995indo),5000,,,LG1052.txt,bomhard1990,BDPROTO,
1058,Proto-Katuic,KATUIC,Katuic,Austroasiatic,katu1271,Reconstructed,Eurasia,,,all,,NA,,,LG1058.txt,diffloth1982,BDPROTO,
1109,Proto-Keresan,KERESAN,Keresan,Keresan,kere1287,Reconstructed,North America,,,all,,NA,,,LG1109.txt,miller1963,BDPROTO,
116,Proto-Keresan,Proto-Keresan,Keresan,Keresan,kere1287,Reconstructed,North America,,,all,,NA,,,NA,Campbell 1997: 138,HUJI,
98,Proto-Khanty,Proto-Khanty,Khantyic,Uralic,khan1279,Reconstructed,Eurasia,,,all,,NA,,,NA,,HUJI,
1056,Proto-Khoe,CENTRAL-KHOISAN,Khoe ,Khoe-Kwadi,khoe1241,Reconstructed,Africa,,,all,,NA,,,LG1056.txt,NA,BDPROTO,
92,Proto-Khoe,Proto-Khoe,Khoe ,Khoe-Kwadi,khoe1241,Reconstructed,Africa,,,consonants only,2000,2000,northeast Kalahari basin,northeast Kalahari basin,NA,"Vossen1997,GueldemannElderkinYEAR",HUJI,
117,Proto-Kiowa-Tanoan,Proto-Kiowa-Tanoan,Kiowa-Tanoan,Kiowa-Tanoan,kiow1266,Reconstructed,North America,,,NA,,NA,,,NA,"Hale1967, Campbell 1997: 139, Sutton2014",HUJI,
85,Proto-Kiowa-Tanoan,Proto-Tanoan,Kiowa-Tanoan,Kiowa-Tanoan,kiow1266,Reconstructed,North America,,,NA,,NA,,,NA,"Hale1967, Sutton2014",HUJI,
47,Proto-Kiranti,Proto-Kiranti,Himalayish,Sino-Tibetan,kira1253,Reconstructed,Eurasia,,,all,,NA,,,NA,Jacques2017,HUJI,
162,Proto-Koman,Proto-Koman,Koman,Koman,koma1264,Reconstructed,Africa,,,all,,NA,,,NA,Bender 1983,HUJI,
52,Proto-Kuki-Chin,Proto-Kuki-Chin,Kuki-Chin-Naga,Sino-Tibetan,kuki1246,Reconstructed,Eurasia,,,consonants only,,NA,,,NA,Hill2014,HUJI,
1028,Proto-Lakes Plain,LAKES PLAIN,Lakes Plain,Lakes Plain,lake1255,Reconstructed,Papunesia,,,all,p.125: some 3000 years ago,3000,,,LG1028.txt,clouse1996,BDPROTO,
1003,Proto-Lakkia,PROTO-LAKKIA,Lakkia-Biao,Tai-Kadai,lakk1238,Reconstructed,Eurasia,,,all,,NA,,,LG1003.txt,theraphan1991,BDPROTO,
1082,Proto-Lolo-Burmese,LOLO-BURMESE,Lolo-Burmese,Sino-Tibetan,lolo1265,Reconstructed,Eurasia,,,all,,NA,,,LG1082.txt,matisoff1979,BDPROTO,
1014,Proto-Lower Cross,LOWER CROSS,Volta-Congo,Atlantic-Congo,obol1242,Reconstructed,Africa,,,consonants only,,NA,,,LG1014.txt,connell1995,BDPROTO,
1063,Proto-Lower Sepik,LOWER SEPIK,Lower Sepik,Lower Sepik-Ramu,lowe1437,Reconstructed,Eurasia,,,all,-6000 (wikilowersepik),6000,,,LG1063.txt,foley1986,BDPROTO,
1023,Proto-Maban,PROTO-MABA,Maban,Maban,maba1274,Reconstructed,Africa,,,consonants only,,NA,,,LG1023.txt,edgar1991,BDPROTO,
59,Proto-Maiduan,Proto-Maiduan,Maiduan,Maiduan,maid1262,Reconstructed,North America,,,all,,NA,,,NA,"Ultan1964, Campbell1997:128",HUJI,
1108,Proto-Maiduan,MAIDUN,Maiduan,Maiduan,maid1262,Reconstructed,North America,,,all,,NA,,,LG1108.txt,ultan1964,BDPROTO,
1004,Proto-Malayo-Polynesian,MALAYO POLYNESIAN,Malayo-Polynesian,Austronesian,mala1545,Reconstructed,Papunesia,,,all,-4000 BC,6000,,,LG1004.txt,hogan1993,BDPROTO,
60,Proto-Mamore-Guapore,Proto-Mamore-Guapore,Arawakan,Arawakan,NA,Reconstructed,South America,,,all,,NA,,,NA,Jolkesky2016,HUJI,
1037,Proto-Mande,MANDE,Mande,Mande,mand1469,Reconstructed,Africa,,,consonants only,,NA,,,LG1037.txt,dwyer1989,BDPROTO,
1025,Proto-Manding,MANDEKAN,Mande,Mande,mand1435,Reconstructed,Africa,,,all,,NA,,,LG1025.txt,bimson1976,BDPROTO,
99,Proto-Mansi,Proto-Mansi,Mansic,Uralic,mans1269,Reconstructed,Eurasia,,,all,,NA,,,NA,,HUJI,
1027,Proto-Markham,MARKHAM,Malayo-Polynesian,Austronesian,mark1257,Reconstructed,Papunesia,,,all,,NA,,,LG1027.txt,holzknecht1989,BDPROTO,
56,Proto-Maweti-Guarani,Proto-Maweti-Guarani,Maweti-Guarani,Tupian,mawe1252,Reconstructed,South America,,,all,,NA,,,NA,MeiraDrude2015,HUJI,
1057,Proto-Mayan,MAYAN,Mayan,Mayan,maya1287,Reconstructed,North America,,,all,2200 BC,4200,,,LG1057.txt,campbell1990,BDPROTO,
122,Proto-Mayan,Proto-Mayan,Mayan,Mayan,maya1287,Reconstructed,North America,,,all,,NA,,,NA,Campbell & Kaufman 1985,HUJI,
1107,Proto-Micronesian,MICRONESIAN,Micronesian,Austronesian,micr1243,Reconstructed,Papunesia,,,all,,NA,"Archeological evidence about the provenance of Micronesian speakers is vague, but it suggests they came from the south (i.e. From the Solomons, Vanuatu or the Fiji/west polynesian region. [...] It seems that most of Micronesia was settled about two thousand years ago.",,LG1107.txt,bender1985,BDPROTO,
113,Proto-Miwok-Costanoan,Proto-Miwok-Costanoan,Miwok-Costanoan,Miwok-Costanoan,miwo1274,Reconstructed,North America,,,all,,NA,,,NA,Campbell 1997: 131. Callghan1967,HUJI,
111,Proto-Miwokan,Proto-Miwokan,Miwokan ,Miwok-Costanoan,miwo1275,Reconstructed,North America,,,all,,2500,,,NA,Campbell 1997: 129. Cahallagan1967,HUJI,
63,Proto-Mixe-Zoquean,Proto-Mixe-Zoquean,Zoque,Mixe-Zoque,mixe1284,Reconstructed,North America,,,all,,NA,,,NA,BrownEtAl2011,HUJI,
1070,Proto-Mixtecan,MIXTECAN,Mixtec,Otomanguean,mixt1422,Reconstructed,North America,,,all,-1000,1000,,,LG1070.txt,longacre1967,BDPROTO,
80,Proto-Mohawk,Common Mohawk,Iroquoian,Iroquoian,moha1258,Reconstructed,North America,,,all,,NA,,,NA,Julian2010,HUJI,
79,Proto-Mohawk-Oneida,Proto-Mohawk-Oneida,Northern Iroquoian,Iroquoian,moha1257,Reconstructed,North America,1K-0.5K,,all,,NA,,,NA,Julian2010,HUJI,
1020,Proto-Mon,MON,Monic,Austroasiatic,moni1258,Reconstructed,Eurasia,,,all,sidwell2014austroasiatic,1500,,,LG1020.txt,ferlus1983,BDPROTO,
8,Proto-Mongolic,Proto-Mongolic,Mongolic,Mongolic-Khitan,mong1329,Reconstructed,Eurasia,,,all,less than 1000 years (brown2010concise),1000,,,NA,jahunen2003,UZ,
147,Proto-Munda,Proto-Munda,Mundaric,Austroasiatic,mund1335,Reconstructed,Eurasia,,,consonants only,,NA,,,NA,,HUJI,
118,Proto-Muskogean,Proto-Muskogean,Muskogean,Muskogean,musk1252,Reconstructed,North America,,,all,,NA,,,NA,Campbell 1997: 147-148,HUJI,
151,Proto-Nakanai,Proto-Nakanai,Malayo-Polynesian,Austronesian,naka1262,Reconstructed,Papunesia,,,consonants only,,NA,,,NA,,HUJI,
1021,Proto-New Caledonian,NEW CALEDONIAN,Malayo-Polynesian,Austronesian,newc1243,Reconstructed,Papunesia,,,consonants only,,NA,,,LG1021.txt,ozanne1992,BDPROTO,
137,Proto-Nicobar,Proto-Nicobar,Nicobaric,Austroasiatic,nico1262,Reconstructed,Eurasia,,,all,,NA,,,NA,,HUJI,
148,Proto-Nilo-Saharan,Proto-Nilo-Saharan,Nilo-Saharan,Nilo-Saharan,NA,Reconstructed,Africa,,,all,,NA,,,NA,Ehret 2001,HUJI,
49,Proto-Nilotic,Proto-Nilotic,Nilotic,Nilotic,nilo1247,Reconstructed,Africa,,,all,,NA,,,NA,Dimmendaal1988,HUJI,
1045,Proto-North Germanic,COMMON NORDIC,Germanic,Indo-European,nort3160,Reconstructed,Eurasia,,,all,6th century,1500,,,LG1045.txt,antonsen1967,BDPROTO,
19,Proto-North Halmahera,Proto-North Halmahera,North Halmahera,North Halmahera,nort2923,Reconstructed,Papunesia,,,consonants only,,NA,,,NA,,HUJI,
76,Proto-Northern Iroquoian,Proto-Northern Iroquoian,Northern Iroquoian,Iroquoian,nort2947,Reconstructed,North America,5-4.5K,,all,,NA,,,NA,Julian2010,HUJI,
160,Proto-Northwest Semitic,Proto-Northwest Semitic,Semitic,Afro-Asiatic,nort3165,Reconstructed,Eurasia,,,consonants only,,NA,,,NA,Huehnegard2007,HUJI,
1044,Proto-Nubian,PROTO-NUBIAN,Nubian,Nubian,nubi1251,Reconstructed,Africa,,,all,first millenium BC (rilly2009cradle),3000,Kordofan,rilly2009cradle,LG1044.txt,gerst1989,BDPROTO,
39,Proto-Nuristani,Proto-Nuristani,Indo-Iranian,Indo-European,nuri1243,Reconstructed,Eurasia,,,consonants only,,NA,,,NA,Kümmel2007. Nelson1991,HUJI,
159,Proto-Nyulnyulan,Proto-Nyulnyulan,Nyulnyulan,Nyulnyulan,nyul1248,Reconstructed,Australia,,,all,,NA,,,NA,StokesMcGregor,HUJI,
1089,Proto-Ob-Ugric,OB UGRIC,Ob-Ugric,Uralic,khan1273,Reconstructed,Eurasia,,,all,500 AD (first half of the second millenium BCE),3500,,,LG1089.txt,sammallahti1988,BDPROTO,
24,Proto-Oirata-Fataluku,Proto-Oirata-Fataluku,East Timor ,Timor-Alor-Pantar,fata1246,Reconstructed,Papunesia,,,all,,NA,,,NA,Mandalaetal2011,HUJI,
1043,Proto-Ongamo-Maa,ONGAMO MAA,Nilotic,Nilotic,onga1238,Reconstructed,Africa,,,all,,NA,,,LG1043.txt,vossen1989,BDPROTO,
1096,Proto-Otomanguean,OTO-MANGUEAN,Otomanguean,Otomanguean,otom1299,Reconstructed,North America,,,all,splitting date of Proto-Otomanguean at ca. 4400 BCE,6400,Tehuacan valley,campbell1997american,LG1096.txt,rensch1966,BDPROTO,
1073,Proto-Otomi,OTOMI,Otomian ,Otomanguean,otom1300,Reconstructed,North America,,,all,,NA,,,LG1073.txt,longacre1967,BDPROTO,
155,Proto-Palaihnihan,Proto-Palaihnihan,Palaihnihan,Palaihnihan,pala1350,Reconstructed,North America,,,all,,NA,,,NA,,HUJI,
86,Proto-Pama-Nyungan,Proto-Pama-Nyungan,Pama-Nyungan,Pama-Nyungan,pama1250,Reconstructed,Australia,,,consonants only,,NA,,,NA,Alpher2004,HUJI,
1100,Proto-Paman,PAMAN,Paman,Pama-Nyungan,pama1251,Reconstructed,Australia,,,all,,NA,,,LG1100.txt,sommer1976,BDPROTO,
95,Proto-Paman,Proto-Paman,Paman,Pama-Nyungan,pama1251,Reconstructed,Australia,,,all,,NA,,,NA,hale1966,HUJI,
145,Proto-Pearic,Proto-Pearic,Pearic,Austroasiatic,pear1246,Reconstructed,Eurasia,,,all,,NA,,,NA,,HUJI,
94,Proto-Permian,Proto-Permic,Permian,Uralic,perm1256,Reconstructed,Eurasia,,,all,,NA,,,NA,,HUJI,
1002,Proto-Polynesian,POLYNESIAN,Malayo-Polynesian,Austronesian,poly1242,Reconstructed,Papunesia,,,all,some time around 1000 B.C. (tryon1995comparative),3000,One of the island groups east or north-east of Fiji,,LG1002.txt,walsh1966,BDPROTO,
1115,Proto-Pomoan,PROTO-POMO,Pomoan,Pomoan,pomo1273,Reconstructed,North America,,,all,golla2011california,5000,Clear Lake,golla2011california,LG1115.txt,mclendon1973,BDPROTO,
1071,Proto-Popolocan,POPOLOCAN,Popolocan-Mazatecan,Otomanguean,popo1293,Reconstructed,North America,,,all,,NA,,,LG1071.txt,longacre1967,BDPROTO,
1009,Proto-Potou-Tano,TANO CONGO,Kwa Volta-Congo,Atlantic-Congo,poto1254,Reconstructed,Africa,,,vowels only,,NA,,,LG1009.txt,stewart1983,BDPROTO,
25,Proto-Quechuan,Proto-Quechuan,Quechuan,Quechuan,quec1387,Reconstructed,South America,,,all,,NA,,,NA,Cerron2003,HUJI,
1010,Proto-Quichean,QUICHEAN,Quichean-Mamean,Mayan,grea1276,Reconstructed,North America,,,all,wikiMayan,2000,,,LG1010.txt,campbell1977,BDPROTO,
1066,Proto-Saami,LAPP,Saamic,Uralic,saam1281,Reconstructed,Eurasia,,,vowels only,1000 BC,3000,,,LG1066.txt,korhonen1988,BDPROTO,
30,Proto-Saami,Proto-Saami,Saamic,Uralic,saam1281,Reconstructed,Eurasia,,,all,,NA,,,NA,,HUJI,
1019,Proto-Sabaki,SABAKI,Bantoid,Atlantic-Congo,coas1317,Reconstructed,Africa,,,all,,NA,,,LG1019.txt,nurse1993,BDPROTO,
1098,Proto-Salishan,SALISH,Salishan,Salishan,sali1255,Reconstructed,North America,,,all,,NA,,,LG1098.txt,Thompson1979,BDPROTO,
91,Proto-Salishan,Proto-Salishan,Salishan,Salishan,sali1255,Reconstructed,North America,,,consonants only,,NA,,,NA,,HUJI,
1085,Proto-Samoyedic,SAMOYED,Samoyedic,Uralic,samo1298,Reconstructed,Eurasia,,,all,-7000/-6000,6000,,,LG1085.txt,sammallahti1988,BDPROTO,
100,Proto-Samoyedic,Proto-Samoyedic,Samoyedic,Uralic,samo1298,Reconstructed,Eurasia,,,all,,NA,,,NA,,HUJI,
1001,Proto-Sangiric,SANGIRIC,Malayo-Polynesian,Austronesian,sang1335,Reconstructed,Papunesia,,,all,,NA,,,LG1001.txt,sneddon1984,BDPROTO,
1092,Proto-Sara-Bongo-Bagirmi,SARA BONGO BAGUIRMIAN,Sara-Bongo-Bagirmi,Central Sudanic,sara1341,Reconstructed,Africa,,,consonants only,,NA,,,LG1092.txt,"P. Boyeldieu, unpublished reconstruction",BDPROTO,
1080,Proto-Semitic,SEMITIC,Semitic,Afro-Asiatic,semi1276,Reconstructed,Eurasia,,,all,kitchen2009bayesian,5750,,,LG1080.txt,moscati1969,BDPROTO,
101,Proto-Semitic,Proto-Semitic,Semitic,Afro-Asiatic,semi1276,Reconstructed,Eurasia,,,consonants only,,NA,,,NA,,HUJI,
83,Proto-Siouan,Proto-Siouan,Siouan,Siouan,siou1252,Reconstructed,North America,,,all,,4000,,,NA,RankinEtAl2015,HUJI,
72,Proto-Skou,Proto-Skou,Skou-Serra-Piore,Sko,nucl1634,Reconstructed,Papunesia,,,all,,NA,,,NA,Donohue2002,HUJI,
4,Proto-Slavic,Proto-Slavic,Balto-Slavic,Indo-European,slav1255,Reconstructed,Eurasia,,,all,around 500 AD split of daughter languages (andersen2003language),1500,Eastern Poland and Wester Ukraine,andersen2003language,NA,schenker1993proto,UZ,
34,Proto-Slavic,Proto-Slavic,Balto-Slavic,Indo-European,slav1255,Reconstructed,Eurasia,,,all,,NA,,,NA,Hock2003a,HUJI,
51,Proto-Southern Nilotic,Proto-Southern Nilotic,Nilotic,Nilotic,sout2830,Reconstructed,Africa,,,consonants only,,NA,,,NA,"Dimmendaal1988, Rottland 1982",HUJI,
136,Proto-Southern-Cushitic,Proto-Southern-Cushitic,Cushitic,Afro-Asiatic,sout3054,Reconstructed,Africa,,,all,,NA,,,NA,,HUJI,
1064,Proto-Tacanan,TAKANAN,Tacanan,Pano-Tacanan,taca1255,Reconstructed,South America,,,all,,NA,,,LG1064.txt,girard1971,BDPROTO,
1067,Proto-Tai,TAI,Kam-Tai,Tai-Kadai,taik1256,Reconstructed,Eurasia,,,all,enfield2013linguistic,3000,,,LG1067.txt,li1977,BDPROTO,
6,Proto-Tai,Proto-Tai,Kam-Tai,Tai-Kadai,daic1237,Reconstructed,Eurasia,,,all,between one and three thousand years ago (enfield2013linguistic),1000,,,NA,pittayaporn2009proto,UZ,
69,Proto-Tai,Proto-Tai,Kam-Tai,Tai-Kadai,daic1237,Reconstructed,Eurasia,,,all,,NA,,,NA,Pittayaporn2009,HUJI,
105,Proto-Takelman,Proto-Takelman,Isolate,Isolate,take1257,Reconstructed,North America,,,all,,NA,,,NA,"Campbell 1997: 120, Berman 1990, Shipley1970",HUJI,
61,Proto-Taranoan,Proto-Taranoan,Guianan,Cariban,tara1324,Reconstructed,North America,,,all,,NA,,,NA,Meira1998,HUJI,
11,Proto-Tibeto-Burman,Proto-Tibeto-Burman,Tibeto-Burman,Sino-Tibetan,NA,Reconstructed,Eurasia,,,all,stedt2015sinotibetan,6000,"Somewhere on the Himalayan plateau, where the great rivers of East and Southeast Asia (including the Yellow, Yangtze, Mekong, Brahmaputra, Salween, and Irrawaddy) have their source",stedt2015sinotibetan,NA,matisoff2003handbook,UZ,
135,Proto-Tibeto-Burman,Proto-Tibeto-Burman,Tibeto-Burman,Sino-Tibetan,NA,Reconstructed,Eurasia,,,all,,NA,,,NA,,HUJI,
18,Proto-Timor-Alor-Pantar,Proto-Timor-Alor-Pantar,Timor-Alor-Pantar,Timor-Alor-Pantar,timo1261,Reconstructed,Papunesia,,,consonants only,,NA,,,NA,,HUJI,
38,Proto-Tokharian,Proto-Tocharian,Tokharian,Indo-European,tokh1241,Reconstructed,Eurasia,,,all,,NA,,,NA,Kümmel2007. Adams1988. Ringe1996. Kim1999,HUJI,
65,Proto-Tol (Jicaque),Proto-Tol (Jicaque),Tol,Jicaquean,jica1245,Reconstructed,North America,,,all,,NA,,,NA,CampbellOltrogge1980,HUJI,
1079,Proto-Totonacan,TOTONOCAN,Totonacan  ,Totonacan,toto1251,Reconstructed,North America,,,all,brown2011totozoquean,7000,,,LG1079.txt,longacre1967,BDPROTO,
62,Proto-Totonacan,Proto-Totonacan,Totonacan  ,Totonacan  ,toto1251,Reconstructed,North America,,,all,,NA,,,NA,BrownEtAl2011,HUJI,
64,Proto-Totozoquean,Proto-Totozoquean,Totozoquean,Totozoquean,NA,Reconstructed,North America,,,all,,NA,,,NA,BrownEtAl2011,HUJI,
20,Proto-Trans-New Guinea,Proto-Trans-New Guinea,Nuclear Trans New Guinea,Nuclear Trans New Guinea,nucl1709,Reconstructed,Papunesia,,,consonants only,,NA,,,NA,,HUJI,
67,Proto-Tsimshian,Proto-Tsimshian,Tsimshian,Tsimshian,tsim1258,Reconstructed,North America,,,all,,NA,,,NA,Tarpent1997,HUJI,
1117,Proto-Tucanoan,TUCANOAN,Tucanoan,Tucanoan,tuca1253,Reconstructed,South America,,,all,,NA,West of the Vaupés region,aikhenvald2014global,LG1117.txt,matteson1972,BDPROTO,
66,Proto-Tucanoan,Proto-Tukanoan,Tucanoan,Tucanoan,tuca1253,Reconstructed,South America,,,consonants only,,NA,,,NA,Chacon2014,HUJI,
1119,Proto-Tupi-Guarani,TUPI-GUARANI,Tupi-Guarani,Tupian,tupi1276,Reconstructed,South America,,,all,balee2000antiquity,4500,,,LG1119.txt,jensen1998,BDPROTO,
55,Proto-Tupi-Guarani,Proto-Tupi-Guarani,Tupi-Guarani,Tupian,tupi1276,Reconstructed,South America,,,all,,NA,,,NA,MeiraDrude2015,HUJI,
7,Proto-Turkic,Proto-Turkic,Turkic,Turkic,turk1311,Reconstructed,Eurasia,,,all,hruschka2015detecting,2200,,,NA,ronatas1998reconstruction,UZ,
78,Proto-Tuscarora,Common Tuscarora,Cherokee,Iroquoian,tusc1257,Reconstructed,North America,,,all,,NA,,,NA,Julian2010,HUJI,
77,Proto-Tuscarora-Nottoway,Proto-Tuscarora-Nottoway,North Iroquoian,Iroquoian,tusc1256,Reconstructed,North America,2.5-2K,,all,,NA,,,NA,Julian2010,HUJI,
54,Proto-Unangam Tunuu (Aleut),Proto-Unangam Tunuu (Aleut),Aleut,Eskimo-Aleut,aleu1260,Reconstructed,North America,,,all,,4000,Alaska,,NA,Berge2018,HUJI,
1084,Proto-Uralic,URALIC,Uralic,Uralic,ural1272,Reconstructed,Eurasia,,,all,mesolithic age,8000,,,LG1084.txt,sammallahti1988,BDPROTO,
44,Proto-Uralic,Proto-Uralic,Uralic,Uralic,ural1272,Reconstructed,Eurasia,,,all,,NA,,,NA,,HUJI,
1069,Proto-Uto-Aztecan,UTO-AZTECAN,Uto-Aztecan,Uto-Aztecan,utoa1244,Reconstructed,North America,,,all,up to 5000 years,7000,"Border region between the USA and Mexico, namely the upland regions of Arizona and New Mexico and the adjacent areas of the Mexican states of Sonora and Chihuaua, roughly corresponding to the Sonoran Desert and the western part of the Chihuahuan Desert",,LG1069.txt,langaker1970,BDPROTO,
115,Proto-Uto-Aztecan,Proto-Uto-Aztecan,Uto-Aztecan,Uto-Aztecan,utoa1244,Reconstructed,North America,,,all,,NA,,,NA,Campbell 1997: 136,HUJI,
146,Proto-Vietic,Proto-Vietic,Vietic,Austroasiatic,viet1250,Reconstructed,Eurasia,,,all,,NA,,,NA,,HUJI,
1105,Proto-Vietnamese,PROTO-VIETNAMESE,Vietic,Austroasiatic,viet1252,Reconstructed,Eurasia,,,consonants only,seventh to ninth century AD (comrie2009world),1300,Red River now Northern Vietnam,chamberlain1998origin,LG1105.txt,ferlus1992,BDPROTO,
90,Proto-Waikuruan (Guaicuruan),Proto-Waikuruan (Guaicuruan),Waikuruan (Guaicuruan),Waikuruan (Guaicuruan),guai1249,Reconstructed,South America,,,all,,NA,,,NA,,HUJI,
150,Proto-West Oceanic Linkage,Proto-Kimbe,Malayo-Polynesian,Austronesian,west2818,Reconstructed,Papunesia,,,consonants only,3600-2600,NA,central north coast of New Britain,,NA,Goodenough1997.,HUJI,
1039,Proto-West Oceanic Linkage,KIMBE,Malayo-Polynesian,Austronesian,west2818,Reconstructed,Papunesia,,,all,,1000,,,LG1039.txt,johnston1982,BDPROTO,
1032,Proto-West Tariku,WEST TARIKU,Tariku,Lakes Plain,west2582,Reconstructed,Papunesia,,,all,,NA,,,LG1032.txt,clouse1996,BDPROTO,
17,Proto-Western Pantar,Western Pantar,Alor-Pantor,Timor-Alor-Pantar,lamm1241,Reconstructed,Papunesia,,,consonants only,,NA,,,NA,,HUJI,
152,Proto-Willaumez,Proto-Willaumez,Malayo-Polynesian,Austronesian,will1243,Reconstructed,Papunesia,,,consonants only,,NA,,,NA,,HUJI,
110,Proto-Wintun,Proto-Wintun,Wintuan,Wintuan,wint1259,Reconstructed,North America,,,all,,NA,,,NA,"Shepherd2006, Campbell 1997: 128",HUJI,Didn't find Shepherd2006 in the squibs folder
1008,Proto-Yokuts,YOKUTS,Yokutsan,Yokutsan,yoku1255,Reconstructed,North America,,,all,jones2007california,3000,,,LG1008.txt,golla1964,BDPROTO,
114,Proto-Yokuts,Proto-Yokutsan,Yokutsan,Yokutsan,yoku1255,Reconstructed,North America,,,all,,NA,,,NA,Campbell 1997: 131. Callghan1997,HUJI,
163,Proto-Zapotec,Proto-Zapotec,Zapotecan,Otomanguean,zapo1436,Reconstructed,North America,,,all,,NA,,,NA,Suarez 1973,HUJI,"Looks like this is Zapotec, but may be Zapotecan (i.e., includes Chatino)"
1076,Proto-Zapotec,ZAPOTECAN,Zapotecan,Otomanguean,zapo1436,Reconstructed,North America,,,all,evans2013archaeology,2400,,,LG1076.txt,longacre1967,BDPROTO,"Looks like this is Zapotec, but may be Zapotecan (i.e., includes Chatino)"
1078,Proto-Zoque,ZOQUEAN,Zoque,Mixe-Zoque,zoqu1261,Reconstructed,North America,,,all,,1500,,,LG1078.txt,longacre1967,BDPROTO,
1054,Sumerian,SUMERIAN,Isolate ,Isolate,sume1241,Attested,Eurasia,,,all,,NA,,,LG1054.txt,bomhard1990,BDPROTO,
2016,Sumerian,Sumerian,Isolate ,Isolate,sume1241,Attested,Eurasia,,,all,3300-2000 BC,4000,,NA,NA,"edzard2003phon,michalowski2008phon",ANE,
2017,Ugaritic,Ugaritic,Semitic,Afro-Asiatic,ugar1238,Attested,Eurasia,,,all,,NA,,NA,NA,tropper2000phon,ANE,
1114,Uralo-Siberian,URALO-SIBERIAN,Uralo-Siberian,Uralo-Siberian,NA,Reconstructed,Eurasia,,,all,between 8000 and 6000 BC,10000,South Central Siberia,fortescue1998,LG1114.txt,fortescue1998,BDPROTO,
2018,Urartian,Urartian,Hurro-Urartian,Hurro-Urartian,urar1245,Attested,Eurasia,,,all,,NA,,NA,NA,"wilhelm2008phon_xur,hazenbos2005phon",ANE,
177,Proto-Engan-Kewa-Huli,Proto-Engan,Nuclear Trans New Guinea,Nuclear Trans New Guinea,enga1254,Reconstructed,Papunesia,,,all,,,,,,usher2020,HUJI,
178,Proto-Anim,Proto-Anim,Anim,Anim,anim1240,Reconstructed,Papunesia,,,all,,,,,,ushersuter2015,HUJI,
179,Proto-Marind-Yaqay,Proto-Marind-Yaqay,Marind-Boazi-Yaqai,Anim,mari1437,Reconstructed,Papunesia,,,all,,,,,,ushersuter2015,HUJI,
180,Proto-Boazi,Proto-Lake Murray,Marind-Boazi-Yaqai,Anim,boaz1244,Reconstructed,Papunesia,,,all,,,,,,ushersuter2015,HUJI,Glottolog calls Boazi what Usher & Suter call Lake Murray
181,Proto-Nuclear Tirio,Proto-Lower Fly,Tirio,Anim,nucl1713,Reconstructed,Papunesia,,,all,,,,,,ushersuter2015,HUJI,Glottolog calls Nuclear Tirio what Usher & Suter call Lower Fly
182,Proto-Inland Gulf of Papua,Proto-Inland Gulf,Inland Gulf of Papua,Anim,inla1262,Reconstructed,Papunesia,,,all,,,,,,ushersuter2015,HUJI,
183,Proto-Bulaka River,Proto-Bulaka River,Bulaka River,Bulaka River,bula1259,Reconstructed,Papunesia,,,all,,,,,,usher2014,HUJI,
184,Proto-Koiarian,Proto-Koiarian,Koiarian,Koiarian,koia1260,Reconstructed,Papunesia,,,all,,,,,,dutton2010,HUJI,
185,Proto-Koiaric ,Proto-Koiaric ,Koiaric ,Koiarian,koia1261,Reconstructed,Papunesia,,,all,,,,,,dutton2010,HUJI,
186,Proto-Baraic,Proto-Baraic,Baraic,Koiarian,bara1376,Reconstructed,Papunesia,,,all,,,,,,dutton2010,HUJI,
187,Proto-Nuclear Sentanic,Proto-Tabla-Sentani,Nuclear Sentanic,Sentanic,nucl1631,Reconstructed,Papunesia,,,all,,,,,,gregersonhartzler1987,HUJI,
188,Proto-Asmat-Komoro,Proto-Asmat-Komoro,Asmat-Awyu-Ok,Nuclear Trans New Guinea,asma1256,Reconstructed,Papunesia,,,all,,,,,,usher2020,HUJI,
189,Proto-Ngayarda,Proto-Ngayarda,South-West Pama-Nyungan,Pama-Nyungan,ngay1241,Reconstructed,Australia,,,all,,,,,,ogrady1966,HUJI,
190,Proto-Worrorran,Proto-Worrorran,Worrorran,Worrorran,worr1236,Reconstructed,Australia,,,all,,,,,,mcgregorrumsey2009,HUJI,
167,Attic Greek,Attic Greek,Graeco-Phrygian,Indo-European,atti1240,Attested,,,,consonants only,,,Greece,,,woodward2008attic,HUJI,
168,Classical Latin,Classical Latin,Italic,Indo-European,lati1261,Attested,Eurasia,,,all,,2100,Italy,,,clackson2008,HUJI,
169,Oscan,Oscan,Indo-European,Indo-European,osca1245,Attested,Eurasia,,,consonants only,,,Italy,,,wallace2008oscan,HUJI,
171,Avestan,Avestan,Indo-European,Indo-European,aves1237,Attested,Eurasia,,,all,,3000,Iran,,,hale2008avestan,HUJI,
172,Pahlavi,Pahlavi,Indo-European,Indo-European,pahl1241,Attested,Eurasia,,,all,,2300,Iran,,,hale2008pahlavi,HUJI,
174,Old Mayan,Old Mayan,Mayan,Mayan,maya1287,Attested,North America,,,all,,,Mesoamerica,,,bricker2008mayan,HUJI,
176,Early Georgian,Early Georgian,Kartvelian,Kartvelian,oldg1234,Attested,Eurasia,,,all,,2500,Georgia,,,tuite2008georgian,HUJI,